Title,playCount
农女当道,2553万
阴阳鬼盗,3061万
婚途有坑：爹地，快离婚,1021万
重生弃女当自强,411万
蜜宠甜妻：楚少的迷糊娇妻,520万
校花的透视兵王,58万
神医傻妃：烈夫不二嫁,437万
风光大嫁，傅先生疼她入骨,334万
大明朝（1368-1644）：从洪武到崇祯的权力变局,25万
凡人修仙之仙界篇（大灰狼人气热播）,96万
魂穿七八：末世女有空间,206万
诛天图,1199万
绣色可餐,26万
鬼王绝宠：嚣张废材妃,541万
农女田蜜蜜：带着空间好种田,59万
鬼帝狂妻：纨绔大小姐,71万
隐婚100分：重生学霸女神,348万
蜜爱小甜妻：老公，请亲亲！,44万
六零俏军媳,41万
天才相师（上册）,129万
农女当道,2553万
阴阳鬼盗,3061万
婚途有坑：爹地，快离婚,1021万
重生弃女当自强,411万
蜜宠甜妻：楚少的迷糊娇妻,520万
校花的透视兵王,58万
神医傻妃：烈夫不二嫁,437万
风光大嫁，傅先生疼她入骨,334万
大明朝（1368-1644）：从洪武到崇祯的权力变局,25万
凡人修仙之仙界篇（大灰狼人气热播）,96万
魂穿七八：末世女有空间,206万
诛天图,1199万
绣色可餐,26万
鬼王绝宠：嚣张废材妃,541万
农女田蜜蜜：带着空间好种田,59万
鬼帝狂妻：纨绔大小姐,71万
隐婚100分：重生学霸女神,348万
蜜爱小甜妻：老公，请亲亲！,44万
六零俏军媳,41万
天才相师（上册）,129万
农女当道,2553万
阴阳鬼盗,3061万
婚途有坑：爹地，快离婚,1021万
重生弃女当自强,411万
蜜宠甜妻：楚少的迷糊娇妻,520万
校花的透视兵王,58万
神医傻妃：烈夫不二嫁,437万
风光大嫁，傅先生疼她入骨,334万
大明朝（1368-1644）：从洪武到崇祯的权力变局,25万
凡人修仙之仙界篇（大灰狼人气热播）,96万
魂穿七八：末世女有空间,206万
诛天图,1199万
绣色可餐,26万
鬼王绝宠：嚣张废材妃,541万
农女田蜜蜜：带着空间好种田,59万
鬼帝狂妻：纨绔大小姐,71万
隐婚100分：重生学霸女神,348万
蜜爱小甜妻：老公，请亲亲！,44万
六零俏军媳,41万
天才相师（上册）,129万
农女当道,2553万
阴阳鬼盗,3061万
婚途有坑：爹地，快离婚,1021万
重生弃女当自强,411万
蜜宠甜妻：楚少的迷糊娇妻,520万
校花的透视兵王,58万
神医傻妃：烈夫不二嫁,437万
风光大嫁，傅先生疼她入骨,334万
大明朝（1368-1644）：从洪武到崇祯的权力变局,25万
凡人修仙之仙界篇（大灰狼人气热播）,96万
魂穿七八：末世女有空间,206万
诛天图,1199万
绣色可餐,26万
鬼王绝宠：嚣张废材妃,541万
农女田蜜蜜：带着空间好种田,59万
鬼帝狂妻：纨绔大小姐,71万
隐婚100分：重生学霸女神,348万
蜜爱小甜妻：老公，请亲亲！,44万
六零俏军媳,41万
天才相师（上册）,129万
农女当道,2553万
阴阳鬼盗,3061万
婚途有坑：爹地，快离婚,1021万
重生弃女当自强,411万
蜜宠甜妻：楚少的迷糊娇妻,520万
校花的透视兵王,58万
神医傻妃：烈夫不二嫁,437万
风光大嫁，傅先生疼她入骨,334万
大明朝（1368-1644）：从洪武到崇祯的权力变局,25万
凡人修仙之仙界篇（大灰狼人气热播）,96万
魂穿七八：末世女有空间,206万
诛天图,1199万
绣色可餐,26万
鬼王绝宠：嚣张废材妃,541万
农女田蜜蜜：带着空间好种田,59万
鬼帝狂妻：纨绔大小姐,71万
隐婚100分：重生学霸女神,348万
蜜爱小甜妻：老公，请亲亲！,44万
六零俏军媳,41万
天才相师（上册）,129万
